{"cameraMode":{"drawMode":0,"name":"Shaded","section":"Shading Mode"},"sceneLighting":true,"audioPlay":false,"sceneViewState":{"showFog":true,"showMaterialUpdate":false,"showSkybox":true,"showFlares":true,"showImageEffects":true,"showParticleSystems":true},"in2DMode":false,"pivot":{"x":-2.267129898071289,"y":0.1886882781982422,"z":2.5256099700927736},"rotation":{"x":-0.10191456228494644,"y":0.8673950433731079,"z":-0.19880810379981996,"w":-0.4446510076522827},"size":11.670721054077149,"orthographic":false}